<?xml version="1.0" encoding="UTF-8"?>
<project-private xmlns="http://www.netbeans.org/ns/project-private/1">
    <editor-bookmarks xmlns="http://www.netbeans.org/ns/editor-bookmarks/2" lastBookmarkId="0"/>
    <open-files xmlns="http://www.netbeans.org/ns/projectui-open-files/2">
        <group>
            <file>file:/C:/Users/jorda/OneDrive/Documentos/NetBeansProjects/Practica10_1803242/src/SoyUnico.java</file>
            <file>file:/C:/Users/jorda/OneDrive/Documentos/NetBeansProjects/Practica10_1803242/src/Persona.java</file>
        </group>
    </open-files>
</project-private>
